User_ID,Age_Group,Monthly_Income,Payment_Mode,Transaction_Amount,Transactions_Per_Day,Category,Regret_After_Spend,Awareness_Level
U0001,18-25,41329,UPI,91,9,Bills,Yes,Medium
U0002,36-45,54529,Cash,578,2,Food,Yes,Medium
U0003,18-25,34575,Cash,558,3,Entertainment,No,Medium
U0004,18-25,47346,UPI,1039,12,Shopping,No,Medium
U0005,26-35,69703,UPI,1092,3,Entertainment,Yes,Low
U0006,36-45,44637,UPI,374,6,Shopping,Yes,Low
U0007,26-35,36688,Cash,722,1,Food,No,High
U0008,26-35,35730,UPI,747,1,Food,Yes,High
U0009,26-35,62175,UPI,73,11,Entertainment,Yes,Low
U0010,26-35,50312,UPI,901,6,Travel,No,Medium
U0011,18-25,12841,UPI,316,5,Travel,Yes,Low
U0012,36-45,29213,UPI,1142,4,Food,Yes,High
U0013,36-45,52600,UPI,392,1,Travel,No,Medium
U0014,18-25,61204,UPI,447,7,Shopping,No,Medium
U0015,18-25,40305,UPI,74,4,Snacks,No,High
U0016,26-35,20006,Cash,793,3,Snacks,No,Low
U0017,36-45,30561,UPI,389,1,Snacks,No,High
U0018,26-35,63203,Cash,660,8,Shopping,No,High
U0019,36-45,45031,UPI,97,12,Entertainment,No,High
U0020,36-45,44067,UPI,632,7,Snacks,Yes,Low
U0021,36-45,62512,UPI,1027,12,Bills,No,Low
U0022,18-25,21989,UPI,466,5,Food,No,Low
U0023,18-25,29406,Cash,505,7,Food,No,High
U0024,36-45,37780,UPI,639,12,Entertainment,Yes,High
U0025,18-25,26669,Cash,414,8,Travel,Yes,High
U0026,36-45,38677,UPI,206,4,Food,No,Low
U0027,18-25,21940,UPI,586,3,Bills,No,Low
U0028,36-45,61413,UPI,511,7,Bills,No,Medium
U0029,26-35,37764,Cash,298,9,Entertainment,No,Low
U0030,18-25,69339,UPI,219,8,Entertainment,No,High
U0031,18-25,47966,Cash,491,7,Snacks,No,Low
U0032,36-45,30306,UPI,1142,10,Travel,Yes,Medium
U0033,36-45,67439,UPI,197,9,Food,Yes,Medium
U0034,18-25,21087,UPI,202,11,Travel,No,High
U0035,18-25,16421,UPI,1159,11,Entertainment,Yes,High
U0036,26-35,41813,Cash,146,6,Snacks,Yes,Medium
U0037,18-25,53327,UPI,908,10,Shopping,Yes,High
U0038,36-45,60526,UPI,425,3,Snacks,No,High
U0039,36-45,45500,UPI,594,12,Food,No,High
U0040,26-35,66439,UPI,306,2,Food,Yes,High
U0041,26-35,68625,UPI,1080,4,Shopping,No,Medium
U0042,18-25,21208,UPI,98,4,Entertainment,Yes,Low
U0043,36-45,57747,UPI,156,1,Food,Yes,Low
U0044,18-25,23804,UPI,486,7,Snacks,No,Medium
U0045,18-25,69614,Cash,887,4,Snacks,No,High
U0046,18-25,51492,UPI,729,3,Entertainment,Yes,Medium
U0047,26-35,30584,UPI,499,4,Bills,Yes,Low
U0048,18-25,36014,UPI,297,12,Travel,Yes,Low
U0049,36-45,48046,UPI,638,9,Travel,Yes,Medium
U0050,26-35,20667,UPI,614,9,Travel,No,High
U0051,26-35,23141,UPI,150,2,Shopping,No,Low
U0052,36-45,62805,Cash,119,10,Bills,No,Medium
U0053,18-25,39255,UPI,207,10,Travel,Yes,High
U0054,26-35,46114,Cash,1099,11,Entertainment,No,High
U0055,18-25,14547,UPI,804,12,Bills,No,High
U0056,36-45,14939,Cash,553,11,Entertainment,No,Low
U0057,26-35,32660,UPI,1109,1,Entertainment,No,Medium
U0058,36-45,12724,Cash,338,5,Snacks,No,Medium
U0059,26-35,64528,UPI,681,3,Travel,Yes,Low
U0060,18-25,14553,Cash,515,11,Travel,No,Medium
U0061,26-35,56162,UPI,374,7,Snacks,Yes,Medium
U0062,36-45,66975,UPI,418,11,Bills,Yes,High
U0063,36-45,53156,UPI,716,3,Shopping,Yes,Medium
U0064,18-25,68792,Cash,987,12,Shopping,No,Low
U0065,36-45,14108,UPI,569,4,Food,No,Medium
U0066,36-45,17637,UPI,721,10,Food,No,High
U0067,26-35,29179,UPI,212,11,Entertainment,Yes,High
U0068,26-35,43721,UPI,992,11,Shopping,Yes,Medium
U0069,36-45,42013,Cash,1003,3,Shopping,No,Medium
U0070,26-35,25574,UPI,710,2,Food,No,Medium
U0071,26-35,35020,UPI,387,3,Snacks,Yes,High
U0072,26-35,22446,UPI,656,1,Entertainment,Yes,Low
U0073,26-35,21815,UPI,1138,3,Food,Yes,Medium
U0074,26-35,15970,UPI,507,1,Entertainment,Yes,High
U0075,36-45,55748,UPI,1067,1,Food,Yes,High
U0076,26-35,47607,UPI,871,7,Bills,Yes,Low
U0077,26-35,52899,Cash,370,6,Travel,No,Medium
U0078,36-45,42752,UPI,166,8,Shopping,Yes,Medium
U0079,18-25,15775,UPI,760,6,Shopping,Yes,High
U0080,18-25,56285,UPI,678,7,Shopping,No,Low
U0081,18-25,32433,UPI,887,1,Snacks,Yes,Low
U0082,26-35,64520,Cash,751,1,Snacks,No,High
U0083,36-45,35404,Cash,319,3,Snacks,Yes,Medium
U0084,36-45,68716,Cash,222,10,Bills,Yes,Low
U0085,18-25,46821,UPI,484,12,Snacks,No,Low
U0086,26-35,53825,UPI,326,7,Shopping,No,High
U0087,36-45,67709,UPI,580,10,Food,Yes,Low
U0088,26-35,46289,UPI,332,5,Entertainment,No,Low
U0089,18-25,13500,UPI,712,12,Snacks,No,Low
U0090,18-25,58329,Cash,995,11,Snacks,No,Medium
U0091,36-45,28827,UPI,978,10,Shopping,Yes,Low
U0092,26-35,33076,UPI,596,3,Bills,Yes,High
U0093,18-25,43923,UPI,1170,11,Bills,Yes,Medium
U0094,18-25,40150,Cash,594,4,Snacks,No,High
U0095,36-45,58806,Cash,399,2,Bills,No,Medium
U0096,18-25,20875,UPI,1109,9,Food,Yes,Low
U0097,36-45,60604,Cash,558,10,Travel,Yes,Medium
U0098,26-35,41213,UPI,438,4,Food,No,High
U0099,18-25,52748,Cash,77,7,Food,No,Medium
U0100,36-45,37436,UPI,59,8,Travel,No,Low
U0101,18-25,64701,Cash,294,1,Shopping,Yes,Low
U0102,26-35,69797,UPI,248,8,Travel,No,Medium
U0103,26-35,31704,UPI,534,9,Bills,No,Low
U0104,18-25,55779,Cash,1109,10,Bills,No,Low
U0105,36-45,17197,UPI,1193,7,Shopping,Yes,Low
U0106,26-35,44634,Cash,304,2,Travel,No,Low
U0107,26-35,36487,UPI,1199,12,Bills,Yes,Medium
U0108,18-25,60343,UPI,1107,5,Food,No,Low
U0109,26-35,53779,UPI,529,9,Food,No,Medium
U0110,36-45,25806,UPI,880,4,Snacks,Yes,Medium
U0111,18-25,69598,UPI,53,9,Food,Yes,Low
U0112,26-35,68440,Cash,397,11,Travel,No,High
U0113,26-35,38354,UPI,655,11,Snacks,Yes,Medium
U0114,36-45,32286,Cash,605,11,Bills,No,Low
U0115,36-45,29323,Cash,930,3,Snacks,Yes,Low
U0116,36-45,47597,UPI,604,12,Bills,No,High
U0117,18-25,50393,UPI,435,6,Shopping,Yes,High
U0118,18-25,27118,Cash,874,8,Travel,No,High
U0119,36-45,53661,UPI,975,11,Entertainment,No,Low
U0120,26-35,53461,Cash,295,11,Bills,No,Low
U0121,26-35,16600,Cash,1063,10,Food,No,High
U0122,18-25,14411,Cash,306,6,Snacks,Yes,High
U0123,18-25,36006,Cash,1002,8,Food,No,Low
U0124,26-35,58955,UPI,432,7,Travel,Yes,Low
U0125,36-45,59257,Cash,696,6,Food,Yes,High
U0126,26-35,62334,UPI,275,2,Entertainment,No,Low
U0127,36-45,63505,UPI,355,6,Travel,Yes,Low
U0128,26-35,15281,UPI,607,12,Entertainment,Yes,Low
U0129,36-45,67771,Cash,1163,12,Food,No,Low
U0130,36-45,12708,Cash,464,1,Snacks,No,High
U0131,18-25,45434,UPI,409,7,Travel,Yes,Medium
U0132,26-35,53945,Cash,753,2,Travel,No,Low
U0133,36-45,48784,UPI,560,11,Snacks,Yes,Low
U0134,36-45,69498,UPI,589,7,Bills,No,Medium
U0135,36-45,31336,Cash,323,12,Food,No,Medium
U0136,18-25,14660,Cash,1013,10,Shopping,No,Low
U0137,18-25,31871,UPI,965,5,Travel,Yes,Medium
U0138,36-45,59853,UPI,198,3,Food,Yes,High
U0139,18-25,21512,Cash,788,6,Snacks,No,High
U0140,36-45,46936,Cash,1050,11,Snacks,No,Low
U0141,26-35,69669,Cash,359,4,Snacks,No,Low
U0142,26-35,37886,Cash,216,7,Shopping,No,Low
U0143,26-35,37793,UPI,290,6,Travel,No,Low
U0144,36-45,43553,UPI,1039,12,Entertainment,Yes,Medium
U0145,18-25,65643,Cash,215,8,Snacks,No,Low
U0146,26-35,57208,UPI,1083,3,Bills,No,High
U0147,36-45,41494,Cash,289,6,Food,No,Low
U0148,36-45,21031,UPI,1194,6,Entertainment,No,High
U0149,18-25,18782,UPI,734,1,Snacks,No,Medium
U0150,18-25,66144,UPI,1162,4,Travel,Yes,Medium
U0151,26-35,21335,UPI,1079,12,Snacks,No,Low
U0152,26-35,64261,UPI,190,6,Bills,No,Medium
U0153,36-45,51269,Cash,1100,5,Snacks,No,High
U0154,26-35,49333,UPI,481,11,Entertainment,No,Medium
U0155,36-45,68845,UPI,790,11,Entertainment,Yes,Medium
U0156,36-45,14771,UPI,52,3,Snacks,Yes,Medium
U0157,36-45,12049,UPI,112,4,Travel,Yes,High
U0158,26-35,62187,UPI,712,7,Shopping,Yes,High
U0159,36-45,24371,UPI,541,6,Entertainment,Yes,High
U0160,36-45,31737,UPI,371,4,Bills,No,Medium
U0161,36-45,22716,UPI,1158,8,Travel,Yes,Medium
U0162,36-45,12186,UPI,509,1,Travel,No,Low
U0163,26-35,64872,UPI,263,4,Food,Yes,High
U0164,26-35,34045,UPI,1190,7,Shopping,No,Low
U0165,36-45,29588,UPI,910,5,Entertainment,Yes,Low
U0166,18-25,20121,Cash,988,9,Snacks,No,Medium
U0167,26-35,50725,Cash,298,11,Shopping,No,Medium
U0168,18-25,13902,UPI,851,4,Travel,Yes,Low
U0169,36-45,21456,UPI,906,6,Entertainment,Yes,Low
U0170,36-45,62886,UPI,610,9,Travel,Yes,High
U0171,18-25,69199,UPI,103,2,Shopping,Yes,High
U0172,36-45,19333,Cash,1195,6,Shopping,Yes,Medium
U0173,36-45,32420,UPI,609,7,Entertainment,Yes,Low
U0174,18-25,31553,Cash,621,5,Bills,Yes,Medium
U0175,26-35,20114,Cash,603,6,Shopping,Yes,Low
U0176,18-25,47981,UPI,170,10,Travel,Yes,Low
U0177,18-25,32387,UPI,1130,9,Entertainment,Yes,High
U0178,18-25,57161,UPI,530,11,Travel,Yes,Low
U0179,26-35,50997,UPI,251,6,Travel,Yes,Medium
U0180,26-35,35067,UPI,689,8,Entertainment,Yes,High
U0181,36-45,62137,Cash,228,12,Shopping,No,Low
U0182,18-25,28107,Cash,209,7,Snacks,No,High
U0183,36-45,19234,Cash,242,7,Entertainment,No,Medium
U0184,26-35,45916,Cash,1077,3,Snacks,No,Medium
U0185,26-35,12386,Cash,376,5,Travel,No,Medium
U0186,26-35,59750,UPI,719,5,Food,No,Low
U0187,18-25,45535,Cash,93,6,Bills,No,High
U0188,36-45,57990,UPI,1025,3,Shopping,Yes,High
U0189,18-25,56483,UPI,599,5,Entertainment,No,Low
U0190,36-45,28372,Cash,1042,1,Travel,No,Low
U0191,18-25,52179,UPI,712,6,Entertainment,No,Medium
U0192,36-45,43638,Cash,995,2,Travel,No,Low
U0193,26-35,67947,Cash,751,4,Shopping,Yes,Low
U0194,18-25,58777,UPI,656,9,Snacks,No,Medium
U0195,36-45,19323,UPI,791,9,Food,Yes,Medium
U0196,36-45,13192,UPI,1011,12,Snacks,No,Medium
U0197,18-25,25955,UPI,1020,5,Bills,Yes,Low
U0198,36-45,51792,Cash,68,3,Entertainment,No,Low
U0199,26-35,46346,UPI,1051,5,Travel,Yes,High
U0200,18-25,41485,Cash,786,5,Entertainment,No,High
U0201,18-25,53532,UPI,560,9,Entertainment,No,Medium
U0202,36-45,56129,UPI,575,6,Travel,Yes,Low
U0203,18-25,20352,Cash,630,5,Food,No,Low
U0204,18-25,12294,UPI,947,8,Food,No,Low
U0205,26-35,54770,UPI,848,11,Bills,Yes,High
U0206,36-45,68966,Cash,71,4,Food,Yes,Low
U0207,26-35,18571,UPI,161,5,Snacks,Yes,High
U0208,26-35,49751,UPI,505,7,Food,Yes,Medium
U0209,18-25,50137,UPI,56,11,Bills,Yes,High
U0210,18-25,30937,UPI,906,6,Shopping,No,High
U0211,26-35,58259,Cash,521,3,Food,No,Medium
U0212,26-35,16653,UPI,172,3,Bills,Yes,High
U0213,36-45,39411,UPI,384,2,Shopping,Yes,Medium
U0214,18-25,62410,UPI,677,7,Travel,Yes,Medium
U0215,36-45,25351,UPI,609,3,Bills,No,High
U0216,26-35,34463,UPI,634,11,Entertainment,Yes,Low
U0217,18-25,50302,UPI,530,2,Shopping,Yes,Medium
U0218,26-35,38115,UPI,288,12,Shopping,Yes,High
U0219,26-35,25572,UPI,751,5,Food,Yes,High
U0220,36-45,53476,UPI,691,11,Shopping,No,Low
U0221,36-45,41053,Cash,852,1,Snacks,No,Low
U0222,26-35,52983,UPI,965,9,Snacks,Yes,High
U0223,18-25,55243,UPI,1039,9,Entertainment,Yes,Low
U0224,18-25,12805,UPI,708,8,Bills,Yes,Medium
U0225,36-45,61150,Cash,267,11,Snacks,No,High
U0226,26-35,33989,UPI,1063,5,Travel,Yes,Medium
U0227,26-35,19141,UPI,516,10,Food,No,Medium
U0228,26-35,65680,Cash,58,4,Food,No,Medium
U0229,18-25,66273,UPI,1004,5,Shopping,Yes,Low
U0230,26-35,69268,Cash,580,5,Shopping,Yes,Medium
U0231,36-45,28139,UPI,611,9,Snacks,No,Low
U0232,18-25,57706,Cash,215,11,Snacks,Yes,Low
U0233,26-35,52127,Cash,304,4,Entertainment,No,Low
U0234,36-45,35186,UPI,853,3,Snacks,Yes,High
U0235,18-25,49054,Cash,460,10,Travel,No,High
U0236,36-45,61961,UPI,1093,1,Shopping,Yes,Low
U0237,26-35,24794,Cash,403,6,Food,Yes,Medium
U0238,36-45,58208,UPI,622,1,Entertainment,Yes,Low
U0239,18-25,23581,Cash,1164,2,Snacks,No,High
U0240,26-35,39920,Cash,840,11,Shopping,No,Medium
U0241,18-25,57934,UPI,985,9,Shopping,Yes,Low
U0242,26-35,55086,Cash,526,7,Shopping,No,Low
U0243,18-25,18591,UPI,403,2,Entertainment,Yes,Low
U0244,18-25,30406,UPI,65,12,Travel,No,High
U0245,36-45,29153,UPI,1169,8,Food,Yes,High
U0246,18-25,27766,Cash,1167,9,Travel,Yes,Medium
U0247,26-35,41170,Cash,814,2,Bills,No,Low
U0248,26-35,23956,UPI,174,4,Snacks,Yes,Low
U0249,18-25,31919,Cash,587,6,Food,Yes,Low
U0250,26-35,24939,Cash,401,6,Food,No,Medium
U0251,36-45,47067,UPI,1017,2,Entertainment,Yes,Medium
U0252,26-35,20000,Cash,82,8,Travel,Yes,Medium
U0253,26-35,53049,UPI,941,9,Bills,Yes,High
U0254,26-35,39935,UPI,185,5,Shopping,Yes,High
U0255,36-45,58587,UPI,1013,5,Shopping,Yes,High
U0256,18-25,30999,UPI,757,6,Food,No,Low
U0257,18-25,40212,UPI,1061,4,Shopping,No,High
U0258,26-35,32924,UPI,947,6,Food,No,Medium
U0259,18-25,42972,Cash,430,11,Snacks,No,High
U0260,36-45,39416,Cash,918,10,Entertainment,No,High
U0261,18-25,18407,Cash,960,3,Entertainment,No,Low
U0262,18-25,50850,UPI,952,12,Snacks,No,Low
U0263,36-45,48066,Cash,478,11,Food,Yes,Low
U0264,18-25,54614,UPI,931,2,Snacks,No,High
U0265,36-45,55222,UPI,914,5,Shopping,No,High
U0266,36-45,56197,UPI,485,1,Entertainment,No,Medium
U0267,18-25,19122,UPI,243,10,Snacks,Yes,Medium
U0268,18-25,66844,Cash,85,2,Snacks,No,Low
U0269,26-35,50953,Cash,356,6,Entertainment,No,High
U0270,26-35,43428,Cash,894,5,Entertainment,Yes,High
U0271,26-35,21625,UPI,654,10,Shopping,No,Medium
U0272,18-25,44075,Cash,1057,2,Shopping,Yes,High
U0273,26-35,51585,UPI,72,10,Snacks,Yes,High
U0274,18-25,27983,UPI,807,12,Shopping,No,Medium
U0275,36-45,33076,UPI,187,8,Shopping,Yes,Medium
U0276,18-25,35431,UPI,891,3,Entertainment,No,Medium
U0277,18-25,51156,UPI,1115,3,Bills,Yes,Low
U0278,18-25,60759,UPI,1000,5,Entertainment,Yes,Medium
U0279,26-35,48021,UPI,450,9,Bills,Yes,High
U0280,26-35,51283,Cash,327,5,Travel,No,Medium
U0281,26-35,65658,UPI,1168,7,Snacks,Yes,Low
U0282,18-25,32382,UPI,735,3,Bills,No,High
U0283,18-25,39098,UPI,51,5,Bills,No,Medium
U0284,26-35,53080,Cash,337,1,Food,No,Low
U0285,36-45,58450,UPI,840,3,Food,No,High
U0286,36-45,50208,UPI,451,8,Travel,No,High
U0287,18-25,30655,UPI,163,5,Entertainment,No,Medium
U0288,18-25,31256,UPI,964,9,Food,No,Medium
U0289,36-45,58072,UPI,887,1,Entertainment,No,Medium
U0290,18-25,33583,UPI,63,7,Bills,Yes,Low
U0291,36-45,22147,UPI,113,11,Bills,No,High
U0292,36-45,35596,UPI,644,11,Food,Yes,High
U0293,26-35,46728,UPI,252,11,Shopping,No,High
U0294,36-45,48717,UPI,1080,10,Travel,Yes,Medium
U0295,36-45,19344,Cash,983,4,Bills,No,Low
U0296,18-25,27006,UPI,422,3,Shopping,Yes,High
U0297,18-25,27287,UPI,665,8,Shopping,Yes,High
U0298,18-25,31094,UPI,523,6,Shopping,Yes,Low
U0299,26-35,33408,UPI,374,4,Food,No,High
U0300,26-35,17004,Cash,431,11,Food,No,Low
U0301,26-35,56418,Cash,656,9,Travel,Yes,Low
U0302,36-45,12722,UPI,451,9,Snacks,Yes,Low
U0303,36-45,29952,Cash,402,8,Travel,No,Medium
U0304,26-35,14657,UPI,74,2,Shopping,Yes,High
U0305,36-45,37672,UPI,1135,6,Shopping,Yes,High
U0306,18-25,44536,UPI,183,12,Bills,No,High
U0307,18-25,42408,Cash,362,6,Entertainment,No,High
U0308,26-35,24172,UPI,418,9,Shopping,Yes,High
U0309,36-45,22749,UPI,403,8,Travel,Yes,Medium
U0310,36-45,20346,Cash,655,3,Snacks,No,Medium
U0311,36-45,57684,UPI,397,3,Snacks,No,High
U0312,36-45,57562,UPI,1166,3,Snacks,Yes,High
U0313,18-25,47367,UPI,317,1,Food,No,High
U0314,36-45,61985,UPI,1072,10,Shopping,No,Medium
U0315,26-35,63198,UPI,138,5,Snacks,No,Medium
U0316,36-45,24257,UPI,167,11,Entertainment,Yes,High
U0317,36-45,12098,Cash,209,10,Travel,No,Low
U0318,36-45,50265,UPI,1152,11,Food,Yes,High
U0319,36-45,43317,UPI,535,2,Food,No,Low
U0320,26-35,14871,UPI,260,2,Food,No,Medium
U0321,18-25,51868,Cash,555,3,Entertainment,Yes,High
U0322,26-35,38980,UPI,554,4,Travel,Yes,High
U0323,18-25,14804,Cash,1045,3,Travel,Yes,Low
U0324,36-45,26658,UPI,622,2,Travel,Yes,Medium
U0325,36-45,31095,UPI,499,1,Snacks,No,Medium
U0326,26-35,63177,UPI,1120,4,Travel,No,Low
U0327,18-25,56081,Cash,1092,3,Travel,Yes,High
U0328,26-35,34006,UPI,173,2,Bills,No,Medium
U0329,36-45,50333,Cash,292,1,Food,No,Low
U0330,26-35,28496,Cash,780,12,Shopping,No,Low
U0331,36-45,17368,UPI,281,11,Travel,Yes,Medium
U0332,18-25,28336,Cash,97,6,Food,Yes,High
U0333,26-35,53390,UPI,1189,10,Bills,No,Medium
U0334,26-35,52058,UPI,1082,6,Snacks,Yes,Low
U0335,36-45,26442,Cash,118,8,Snacks,No,Medium
U0336,36-45,22782,UPI,851,5,Snacks,Yes,Medium
U0337,36-45,13361,UPI,374,6,Shopping,Yes,Low
U0338,36-45,19972,Cash,51,6,Entertainment,Yes,High
U0339,18-25,68148,UPI,295,6,Bills,Yes,High
U0340,36-45,15704,Cash,1104,5,Shopping,No,High
U0341,26-35,50747,Cash,166,3,Entertainment,No,High
U0342,36-45,58498,UPI,809,8,Food,No,Low
U0343,36-45,35359,UPI,1020,11,Entertainment,No,Low
U0344,36-45,40493,UPI,714,3,Entertainment,Yes,High
U0345,36-45,12077,UPI,986,6,Snacks,Yes,Low
U0346,26-35,32644,UPI,1009,4,Snacks,Yes,High
U0347,18-25,40344,Cash,579,7,Snacks,No,High
U0348,36-45,32074,UPI,252,9,Bills,Yes,High
U0349,26-35,43607,UPI,74,12,Bills,Yes,Low
U0350,26-35,18390,Cash,1073,8,Bills,No,Medium
U0351,26-35,64836,UPI,258,4,Shopping,No,High
U0352,36-45,46651,UPI,192,9,Shopping,Yes,Medium
U0353,26-35,41909,UPI,701,12,Shopping,Yes,Low
U0354,18-25,30984,UPI,1009,11,Shopping,Yes,Medium
U0355,18-25,37376,UPI,158,8,Food,Yes,High
U0356,36-45,58620,UPI,192,11,Food,Yes,Low
U0357,36-45,33102,UPI,884,8,Snacks,No,Low
U0358,26-35,41058,Cash,1000,10,Snacks,No,Medium
U0359,18-25,23801,UPI,907,9,Food,No,Low
U0360,36-45,22160,UPI,563,2,Shopping,Yes,High
U0361,18-25,56492,UPI,351,4,Travel,No,Medium
U0362,26-35,18835,UPI,654,6,Entertainment,No,Medium
U0363,26-35,36125,Cash,466,5,Snacks,Yes,High
U0364,36-45,32175,UPI,1179,3,Shopping,Yes,Low
U0365,36-45,59482,Cash,283,10,Snacks,No,Low
U0366,36-45,35657,UPI,440,6,Shopping,Yes,Medium
U0367,26-35,34412,UPI,1131,8,Entertainment,Yes,Low
U0368,18-25,27073,Cash,801,9,Entertainment,Yes,High
U0369,36-45,41798,UPI,495,12,Entertainment,Yes,Low
U0370,18-25,31318,UPI,908,6,Travel,No,High
U0371,26-35,60503,UPI,292,7,Shopping,Yes,Low
U0372,18-25,26573,UPI,494,4,Travel,No,Medium
U0373,18-25,60748,Cash,649,4,Entertainment,Yes,Low
U0374,18-25,66491,Cash,797,2,Snacks,No,Medium
U0375,26-35,67948,UPI,466,10,Travel,No,High
U0376,26-35,14805,UPI,966,11,Shopping,No,High
U0377,36-45,64052,UPI,488,1,Snacks,No,Low
U0378,18-25,51543,UPI,785,12,Snacks,Yes,Medium
U0379,26-35,48493,UPI,642,8,Bills,No,Medium
U0380,18-25,32730,UPI,220,10,Travel,Yes,Medium
U0381,36-45,13697,UPI,982,11,Travel,No,High
U0382,36-45,61062,UPI,262,10,Travel,Yes,Low
U0383,26-35,19686,UPI,1154,5,Bills,Yes,Medium
U0384,18-25,66110,Cash,639,6,Travel,Yes,High
U0385,26-35,14222,UPI,487,5,Entertainment,Yes,High
U0386,26-35,29370,UPI,1087,9,Food,Yes,Low
U0387,18-25,51096,UPI,708,4,Shopping,No,High
U0388,36-45,46225,Cash,157,8,Travel,Yes,Low
U0389,36-45,36730,UPI,182,10,Snacks,Yes,Medium
U0390,26-35,31781,UPI,91,4,Travel,Yes,Medium
U0391,18-25,69846,UPI,1032,2,Travel,No,High
U0392,26-35,38115,UPI,499,8,Shopping,Yes,Medium
U0393,36-45,45177,UPI,975,5,Bills,Yes,High
U0394,26-35,39423,UPI,263,12,Snacks,Yes,High
U0395,18-25,29794,UPI,341,2,Snacks,Yes,Medium
U0396,36-45,65358,UPI,464,5,Food,No,Medium
U0397,26-35,40456,UPI,878,11,Shopping,Yes,Medium
U0398,36-45,17406,Cash,332,1,Bills,No,Low
U0399,18-25,50561,Cash,572,1,Food,Yes,Medium
U0400,36-45,68321,UPI,610,7,Food,Yes,Medium
U0401,18-25,46628,Cash,380,12,Snacks,Yes,Low
U0402,18-25,36146,UPI,238,5,Food,No,Medium
U0403,26-35,20371,UPI,1176,5,Bills,No,Medium
U0404,26-35,19097,Cash,808,7,Food,Yes,High
U0405,26-35,35049,UPI,1004,4,Bills,No,High
U0406,36-45,64448,UPI,416,5,Food,Yes,High
U0407,18-25,69883,UPI,120,4,Travel,No,Medium
U0408,26-35,49280,UPI,162,12,Entertainment,No,Medium
U0409,36-45,58726,UPI,1008,9,Entertainment,No,High
U0410,18-25,42132,UPI,531,2,Shopping,Yes,Low
U0411,26-35,36937,UPI,592,4,Shopping,Yes,Medium
U0412,26-35,26044,UPI,170,7,Shopping,Yes,High
U0413,18-25,68601,Cash,214,3,Travel,No,Low
U0414,26-35,47766,UPI,567,3,Entertainment,Yes,Low
U0415,36-45,24625,UPI,790,6,Travel,Yes,High
U0416,36-45,33434,UPI,114,2,Bills,No,Low
U0417,36-45,49652,Cash,606,10,Entertainment,No,High
U0418,36-45,40137,UPI,591,1,Entertainment,Yes,High
U0419,26-35,37817,UPI,677,10,Travel,No,Medium
U0420,18-25,18674,UPI,143,6,Food,No,High
U0421,26-35,22968,UPI,238,2,Snacks,Yes,High
U0422,36-45,25730,Cash,1121,11,Snacks,Yes,Low
U0423,36-45,43666,UPI,103,7,Snacks,Yes,High
U0424,26-35,42545,UPI,69,10,Snacks,No,High
U0425,18-25,25550,UPI,125,12,Travel,Yes,High
U0426,36-45,67074,UPI,1003,9,Travel,Yes,High
U0427,36-45,55131,UPI,170,7,Food,Yes,High
U0428,18-25,43966,Cash,624,6,Food,Yes,Medium
U0429,26-35,26179,UPI,899,10,Shopping,Yes,Low
U0430,18-25,48597,Cash,1087,3,Entertainment,No,Medium
U0431,36-45,52244,UPI,1019,7,Food,No,Low
U0432,26-35,50805,UPI,61,7,Shopping,No,Low
U0433,18-25,50704,Cash,429,2,Entertainment,No,High
U0434,26-35,34518,UPI,1139,1,Shopping,Yes,Medium
U0435,26-35,38735,UPI,924,9,Entertainment,No,Medium
U0436,36-45,30788,UPI,442,10,Bills,Yes,Low
U0437,26-35,39072,UPI,802,4,Travel,Yes,Medium
U0438,26-35,36839,UPI,52,4,Shopping,Yes,High
U0439,36-45,57486,UPI,139,9,Shopping,No,High
U0440,36-45,23325,Cash,357,2,Entertainment,Yes,High
U0441,26-35,50561,UPI,1094,4,Snacks,Yes,Low
U0442,36-45,55012,UPI,414,6,Snacks,No,High
U0443,18-25,35510,Cash,267,10,Snacks,Yes,Medium
U0444,26-35,13930,UPI,804,7,Entertainment,Yes,Low
U0445,26-35,22486,UPI,450,9,Entertainment,Yes,Medium
U0446,18-25,37010,UPI,330,9,Travel,Yes,Low
U0447,18-25,52303,Cash,1058,7,Entertainment,Yes,Low
U0448,36-45,44135,UPI,880,6,Snacks,No,Medium
U0449,36-45,58866,UPI,321,6,Bills,Yes,Medium
U0450,26-35,35167,Cash,482,11,Entertainment,No,Low
U0451,36-45,59903,UPI,270,4,Bills,Yes,Medium
U0452,18-25,50412,UPI,997,10,Snacks,Yes,Low
U0453,26-35,40317,Cash,417,6,Shopping,Yes,High
U0454,26-35,69511,Cash,1188,4,Entertainment,No,Low
U0455,26-35,25291,UPI,540,1,Entertainment,Yes,High
U0456,18-25,13553,UPI,341,12,Shopping,No,High
U0457,18-25,44927,Cash,831,4,Entertainment,No,Medium
U0458,26-35,20666,UPI,1082,8,Snacks,No,Low
U0459,36-45,42407,UPI,576,7,Travel,No,Medium
U0460,26-35,23773,Cash,510,7,Snacks,No,Low
U0461,18-25,51198,Cash,853,10,Food,Yes,High
U0462,26-35,39011,UPI,94,5,Bills,No,Medium
U0463,26-35,51191,UPI,116,10,Entertainment,No,High
U0464,26-35,16634,UPI,221,6,Entertainment,Yes,High
U0465,18-25,68901,UPI,823,8,Bills,Yes,Low
U0466,18-25,52516,UPI,324,6,Entertainment,Yes,High
U0467,36-45,62340,UPI,1192,9,Entertainment,No,Medium
U0468,18-25,40587,UPI,963,12,Snacks,Yes,Medium
U0469,26-35,43983,UPI,1098,6,Shopping,Yes,Medium
U0470,18-25,13383,UPI,775,5,Travel,No,Low
U0471,18-25,35034,UPI,307,6,Entertainment,Yes,Medium
U0472,18-25,47724,Cash,983,10,Shopping,No,Medium
U0473,36-45,46693,UPI,863,9,Snacks,Yes,High
U0474,36-45,43671,UPI,1010,9,Shopping,Yes,High
U0475,36-45,14384,UPI,787,11,Food,Yes,Low
U0476,36-45,25930,UPI,86,6,Travel,No,Low
U0477,36-45,56342,UPI,759,7,Entertainment,Yes,High
U0478,36-45,57734,UPI,513,3,Snacks,No,Low
U0479,18-25,30323,Cash,1144,5,Snacks,No,High
U0480,18-25,27254,UPI,173,1,Food,Yes,High
U0481,18-25,17591,UPI,507,2,Snacks,Yes,Low
U0482,18-25,19213,UPI,1038,4,Food,Yes,Medium
U0483,26-35,59815,Cash,56,10,Bills,No,Low
U0484,26-35,30962,UPI,347,3,Travel,Yes,Low
U0485,26-35,33632,UPI,914,12,Shopping,No,High
U0486,18-25,53251,UPI,611,12,Shopping,Yes,Low
U0487,36-45,30660,Cash,338,7,Shopping,Yes,High
U0488,36-45,22600,UPI,1109,5,Bills,No,Medium
U0489,18-25,68096,Cash,289,11,Shopping,No,High
U0490,36-45,64773,UPI,180,1,Shopping,Yes,Medium
U0491,36-45,30688,UPI,99,6,Travel,Yes,Medium
U0492,36-45,13356,UPI,371,5,Bills,No,Low
U0493,18-25,50162,Cash,1086,3,Shopping,No,Medium
U0494,18-25,24446,UPI,1032,7,Entertainment,No,Low
U0495,18-25,46163,UPI,1144,4,Entertainment,No,Medium
U0496,36-45,44284,Cash,1067,10,Bills,No,Low
U0497,26-35,62166,UPI,879,3,Food,Yes,Low
U0498,36-45,45219,Cash,1019,10,Entertainment,Yes,Medium
U0499,36-45,44203,UPI,400,7,Food,Yes,Medium
U0500,26-35,14074,UPI,874,9,Food,Yes,Medium
U0501,36-45,66995,Cash,646,5,Entertainment,Yes,High
U0502,36-45,20430,UPI,114,10,Entertainment,Yes,Medium
U0503,26-35,27036,Cash,959,6,Entertainment,No,Low
U0504,26-35,17825,UPI,656,1,Travel,No,High
U0505,26-35,36144,Cash,415,10,Travel,No,High
U0506,26-35,62848,UPI,119,10,Entertainment,Yes,Medium
U0507,36-45,39060,Cash,626,11,Entertainment,Yes,Low
U0508,18-25,25882,UPI,414,7,Shopping,Yes,Medium
U0509,26-35,44527,Cash,1056,12,Entertainment,No,High
U0510,36-45,23608,UPI,1190,10,Food,Yes,Low
U0511,26-35,52506,UPI,351,4,Bills,Yes,Low
U0512,36-45,16060,UPI,353,6,Snacks,No,Medium
U0513,18-25,42372,Cash,975,7,Food,No,Low
U0514,36-45,25093,Cash,452,11,Shopping,No,High
U0515,36-45,46725,Cash,756,4,Shopping,Yes,Medium
U0516,36-45,28713,UPI,523,11,Entertainment,No,Medium
U0517,26-35,66606,UPI,1102,1,Shopping,Yes,High
U0518,18-25,47748,Cash,117,2,Bills,Yes,Medium
U0519,26-35,18280,UPI,191,1,Bills,No,High
U0520,26-35,38199,UPI,981,4,Entertainment,Yes,High
U0521,26-35,67288,UPI,108,7,Food,Yes,Low
U0522,18-25,25964,Cash,534,2,Food,Yes,Medium
U0523,18-25,22726,Cash,79,4,Snacks,No,High
U0524,26-35,44025,UPI,418,11,Entertainment,Yes,Low
U0525,18-25,62196,UPI,746,10,Travel,No,Low
U0526,18-25,60265,UPI,614,7,Shopping,No,Low
U0527,26-35,36712,UPI,401,5,Snacks,No,Low
U0528,18-25,50049,UPI,366,12,Shopping,Yes,Low
U0529,36-45,32419,UPI,976,9,Travel,No,Medium
U0530,18-25,22718,UPI,1021,5,Shopping,No,Medium
U0531,26-35,24210,UPI,1023,5,Bills,No,Medium
U0532,36-45,57970,UPI,216,11,Travel,No,High
U0533,36-45,28076,Cash,943,2,Shopping,No,Low
U0534,18-25,13084,UPI,1041,7,Shopping,No,High
U0535,36-45,46717,Cash,471,5,Snacks,Yes,Medium
U0536,26-35,34904,UPI,747,11,Snacks,Yes,Medium
U0537,26-35,13111,UPI,1182,9,Travel,No,Medium
U0538,26-35,29142,Cash,185,10,Shopping,Yes,Low
U0539,26-35,24576,Cash,293,4,Food,No,Medium
U0540,18-25,23318,Cash,1153,1,Travel,Yes,High
U0541,18-25,48605,UPI,647,3,Entertainment,Yes,Low
U0542,36-45,65461,UPI,51,11,Entertainment,No,Medium
U0543,26-35,41389,UPI,1006,8,Travel,No,High
U0544,18-25,43792,UPI,1037,9,Entertainment,Yes,High
U0545,26-35,27142,UPI,403,3,Bills,Yes,High
U0546,36-45,29095,UPI,244,3,Bills,Yes,Low
U0547,18-25,41963,UPI,1186,11,Entertainment,Yes,Medium
U0548,36-45,33412,UPI,935,9,Shopping,No,Low
U0549,26-35,25373,UPI,231,2,Food,No,Medium
U0550,36-45,31455,UPI,725,1,Entertainment,No,Low
U0551,26-35,29958,UPI,225,1,Entertainment,Yes,Medium
U0552,26-35,31487,Cash,279,3,Food,No,Medium
U0553,26-35,43650,UPI,910,5,Food,No,Medium
U0554,26-35,47194,Cash,892,12,Travel,No,Medium
U0555,36-45,61964,Cash,989,4,Snacks,Yes,Low
U0556,26-35,41398,UPI,655,5,Entertainment,Yes,High
U0557,18-25,55425,UPI,419,5,Shopping,No,Low
U0558,18-25,21883,UPI,408,5,Bills,No,High
U0559,26-35,43459,UPI,469,11,Snacks,Yes,High
U0560,18-25,39281,UPI,786,2,Entertainment,Yes,High
U0561,18-25,31459,Cash,455,10,Bills,No,Medium
U0562,18-25,58455,UPI,603,5,Snacks,No,Low
U0563,26-35,62485,UPI,1195,5,Shopping,No,High
U0564,18-25,64373,Cash,395,6,Travel,No,Low
U0565,18-25,48896,UPI,700,10,Bills,Yes,Medium
U0566,18-25,26256,UPI,256,6,Entertainment,No,High
U0567,26-35,38171,Cash,486,1,Snacks,Yes,High
U0568,36-45,24297,UPI,175,5,Bills,Yes,Medium
U0569,36-45,59307,UPI,1174,2,Shopping,Yes,Medium
U0570,26-35,20757,UPI,137,4,Food,Yes,High
U0571,36-45,36190,UPI,892,1,Snacks,No,Medium
U0572,18-25,21613,Cash,82,1,Snacks,No,Medium
U0573,26-35,13233,UPI,827,7,Entertainment,No,Medium
U0574,26-35,67682,UPI,853,3,Bills,Yes,Medium
U0575,26-35,58964,UPI,757,12,Travel,Yes,Medium
U0576,36-45,27031,UPI,423,11,Food,Yes,Medium
U0577,36-45,68872,UPI,79,6,Food,Yes,Low
U0578,18-25,36835,UPI,421,1,Bills,No,High
U0579,36-45,39018,Cash,754,2,Travel,Yes,Low
U0580,26-35,23819,UPI,204,11,Shopping,Yes,Medium
U0581,18-25,69591,UPI,902,9,Snacks,Yes,Low
U0582,26-35,17567,Cash,560,7,Food,No,Medium
U0583,18-25,48447,UPI,786,11,Food,Yes,Low
U0584,18-25,16135,UPI,758,7,Snacks,Yes,Medium
U0585,26-35,30222,Cash,53,5,Food,Yes,Medium
U0586,26-35,23052,Cash,266,7,Food,Yes,Medium
U0587,26-35,14220,Cash,599,5,Bills,No,Low
U0588,26-35,21742,Cash,1125,6,Entertainment,No,Medium
U0589,36-45,25265,UPI,493,1,Food,No,High
U0590,26-35,52549,UPI,577,2,Snacks,No,Medium
U0591,36-45,24738,Cash,972,12,Shopping,No,Low
U0592,26-35,21772,UPI,666,8,Snacks,Yes,Medium
U0593,26-35,66045,UPI,677,1,Entertainment,No,High
U0594,36-45,45054,UPI,850,4,Food,No,High
U0595,26-35,38351,Cash,498,8,Bills,No,Medium
U0596,18-25,45485,UPI,269,6,Entertainment,Yes,Medium
U0597,26-35,66025,Cash,678,2,Bills,No,Medium
U0598,26-35,15267,UPI,589,10,Food,No,Medium
U0599,26-35,31343,UPI,539,7,Shopping,Yes,Low
U0600,36-45,51900,UPI,168,5,Travel,No,Medium
U0601,36-45,52066,Cash,407,6,Shopping,No,Low
U0602,36-45,48779,UPI,1015,9,Snacks,No,High
U0603,26-35,68694,UPI,1060,12,Snacks,Yes,Low
U0604,18-25,60127,UPI,781,7,Shopping,Yes,High
U0605,18-25,35462,UPI,592,1,Shopping,No,Low
U0606,26-35,63361,UPI,164,5,Snacks,No,High
U0607,26-35,56748,UPI,783,9,Entertainment,No,High
U0608,36-45,34131,UPI,549,9,Travel,Yes,High
U0609,26-35,20473,Cash,993,12,Snacks,No,Medium
U0610,18-25,36032,UPI,1165,2,Travel,No,Low
U0611,26-35,57869,UPI,1096,4,Travel,Yes,Low
U0612,26-35,12098,UPI,107,7,Bills,No,Medium
U0613,26-35,20912,UPI,727,7,Bills,Yes,High
U0614,18-25,67305,UPI,678,1,Entertainment,No,Low
U0615,26-35,42739,Cash,227,12,Travel,No,Low
U0616,18-25,17957,Cash,400,4,Travel,Yes,Low
U0617,36-45,37714,UPI,125,12,Bills,Yes,High
U0618,18-25,44034,UPI,426,3,Snacks,No,Low
U0619,26-35,58834,Cash,729,3,Food,Yes,Low
U0620,18-25,64070,UPI,344,9,Travel,No,Low
U0621,26-35,26419,UPI,633,7,Travel,Yes,Medium
U0622,18-25,67590,UPI,601,6,Shopping,Yes,High
U0623,18-25,67365,UPI,281,2,Entertainment,Yes,Low
U0624,18-25,56640,UPI,542,7,Food,Yes,Low
U0625,26-35,66077,UPI,130,1,Travel,No,High
U0626,18-25,22839,Cash,377,8,Travel,Yes,Low
U0627,26-35,33352,Cash,475,3,Travel,Yes,Medium
U0628,26-35,56961,UPI,818,11,Travel,Yes,Medium
U0629,26-35,39586,UPI,353,4,Travel,Yes,Medium
U0630,18-25,52672,UPI,525,12,Bills,No,Medium
U0631,18-25,29602,Cash,851,5,Entertainment,No,Low
U0632,18-25,22875,Cash,854,12,Travel,Yes,Medium
U0633,26-35,38562,UPI,259,10,Entertainment,No,Low
U0634,26-35,27976,UPI,109,7,Travel,No,High
U0635,36-45,23103,UPI,1029,3,Snacks,No,Medium
U0636,36-45,16124,UPI,446,7,Travel,Yes,High
U0637,26-35,31096,Cash,1010,4,Snacks,No,High
U0638,18-25,63592,Cash,253,9,Snacks,No,Medium
U0639,26-35,39101,UPI,704,8,Food,Yes,Medium
U0640,26-35,66600,UPI,207,9,Snacks,No,High
U0641,18-25,65326,UPI,81,4,Snacks,Yes,High
U0642,26-35,37977,UPI,610,11,Travel,No,Medium
U0643,36-45,31671,UPI,524,12,Food,Yes,Medium
U0644,36-45,35595,UPI,1117,12,Shopping,Yes,Low
U0645,18-25,38509,UPI,179,8,Food,Yes,High
U0646,18-25,61394,UPI,797,12,Shopping,No,Medium
U0647,36-45,30410,Cash,514,3,Travel,No,High
U0648,26-35,33939,UPI,832,5,Bills,Yes,Low
U0649,26-35,26514,Cash,921,3,Travel,No,Low
U0650,36-45,22971,UPI,535,11,Snacks,Yes,High
U0651,18-25,56886,UPI,583,12,Entertainment,Yes,High
U0652,36-45,26817,UPI,1144,8,Snacks,Yes,Low
U0653,36-45,36068,UPI,162,3,Shopping,No,Medium
U0654,26-35,67843,Cash,162,11,Food,No,Medium
U0655,18-25,46287,UPI,980,7,Entertainment,No,High
U0656,26-35,12282,UPI,571,2,Shopping,Yes,High
U0657,36-45,59230,Cash,834,8,Food,Yes,Low
U0658,26-35,56030,UPI,90,10,Shopping,Yes,Medium
U0659,18-25,26915,Cash,1053,2,Travel,Yes,High
U0660,36-45,59576,UPI,1136,5,Travel,Yes,High
U0661,36-45,18270,UPI,857,6,Shopping,Yes,Medium
U0662,18-25,60665,UPI,278,12,Snacks,Yes,Medium
U0663,26-35,38921,UPI,1153,3,Bills,Yes,High
U0664,18-25,69674,UPI,1110,11,Snacks,Yes,Low
U0665,36-45,16925,UPI,633,9,Snacks,Yes,Medium
U0666,26-35,60837,UPI,972,6,Shopping,Yes,Medium
U0667,26-35,62518,UPI,982,10,Snacks,No,Medium
U0668,36-45,46220,Cash,131,5,Food,No,High
U0669,36-45,68504,UPI,683,10,Travel,Yes,Medium
U0670,36-45,12722,UPI,1104,5,Travel,Yes,Medium
U0671,36-45,20949,UPI,964,2,Food,No,Medium
U0672,26-35,55140,UPI,953,6,Bills,Yes,Medium
U0673,18-25,31457,UPI,830,5,Travel,No,Low
U0674,26-35,45491,UPI,1029,5,Entertainment,Yes,Low
U0675,18-25,48240,UPI,883,7,Travel,Yes,Medium
U0676,26-35,64551,UPI,1169,1,Travel,No,Low
U0677,36-45,25378,Cash,295,10,Entertainment,No,High
U0678,18-25,18528,UPI,486,2,Entertainment,No,High
U0679,18-25,37576,UPI,325,11,Entertainment,Yes,High
U0680,26-35,55768,UPI,1146,4,Food,Yes,Low
U0681,36-45,47884,UPI,341,8,Food,Yes,Medium
U0682,26-35,20933,UPI,599,8,Bills,Yes,High
U0683,36-45,31066,UPI,1059,12,Bills,Yes,Medium
U0684,36-45,24467,UPI,947,3,Entertainment,No,High
U0685,26-35,26007,Cash,839,12,Food,No,Low
U0686,18-25,45830,UPI,961,6,Shopping,Yes,High
U0687,26-35,59108,UPI,548,6,Entertainment,No,Medium
U0688,36-45,49097,UPI,515,11,Food,Yes,Low
U0689,18-25,30301,Cash,177,10,Travel,No,Low
U0690,36-45,25036,Cash,730,5,Entertainment,Yes,Low
U0691,26-35,19573,UPI,654,9,Snacks,Yes,Medium
U0692,36-45,64529,UPI,755,4,Travel,Yes,Medium
U0693,26-35,35372,UPI,618,9,Travel,No,Low
U0694,26-35,37573,Cash,140,8,Travel,No,Medium
U0695,18-25,25356,Cash,1019,3,Snacks,No,Low
U0696,36-45,19845,UPI,655,6,Travel,Yes,Medium
U0697,18-25,50677,UPI,505,10,Entertainment,No,Medium
U0698,26-35,68061,Cash,1076,3,Bills,No,Medium
U0699,36-45,57919,UPI,243,6,Snacks,Yes,Low
U0700,36-45,60402,UPI,1062,7,Shopping,No,Medium
U0701,26-35,62751,UPI,820,3,Entertainment,Yes,Low
U0702,18-25,48446,UPI,270,11,Snacks,Yes,High
U0703,26-35,14327,UPI,243,4,Shopping,Yes,Medium
U0704,26-35,40636,Cash,56,9,Snacks,Yes,Medium
U0705,26-35,16028,Cash,302,6,Snacks,No,Low
U0706,36-45,56450,Cash,682,8,Shopping,No,Medium
U0707,36-45,42808,UPI,423,2,Travel,Yes,Low
U0708,36-45,33237,UPI,397,2,Food,No,Medium
U0709,18-25,43490,Cash,196,2,Bills,Yes,High
U0710,18-25,58789,UPI,516,8,Snacks,Yes,High
U0711,18-25,49639,UPI,292,5,Entertainment,No,Low
U0712,26-35,34555,Cash,686,1,Bills,No,Medium
U0713,18-25,44746,UPI,669,12,Food,No,Low
U0714,36-45,40934,UPI,1151,8,Bills,No,High
U0715,36-45,46868,Cash,577,4,Snacks,No,Medium
U0716,26-35,63128,UPI,1114,4,Bills,No,Low
U0717,36-45,43969,UPI,200,1,Entertainment,No,Medium
U0718,36-45,39806,UPI,549,7,Snacks,Yes,Medium
U0719,36-45,49916,Cash,277,12,Entertainment,No,Low
U0720,18-25,15189,Cash,793,12,Food,No,Low
U0721,36-45,66929,UPI,1119,5,Bills,No,Medium
U0722,26-35,66407,UPI,564,12,Bills,No,High
U0723,26-35,32742,Cash,1138,8,Food,No,Medium
U0724,26-35,59202,UPI,1041,12,Entertainment,No,High
U0725,26-35,43501,Cash,1129,5,Snacks,Yes,Medium
U0726,26-35,56380,UPI,137,6,Food,Yes,Low
U0727,36-45,25089,Cash,455,8,Travel,No,Low
U0728,36-45,40020,UPI,509,2,Food,Yes,High
U0729,18-25,38080,Cash,430,1,Snacks,No,Low
U0730,36-45,51087,UPI,119,9,Bills,Yes,Low
U0731,26-35,67505,Cash,277,6,Food,No,Low
U0732,18-25,39984,Cash,192,3,Entertainment,No,Low
U0733,26-35,25748,Cash,860,4,Travel,No,Medium
U0734,26-35,43902,UPI,622,4,Snacks,Yes,Low
U0735,26-35,36043,Cash,1184,6,Food,Yes,Low
U0736,36-45,35283,UPI,1162,11,Entertainment,Yes,Medium
U0737,36-45,34359,UPI,65,2,Bills,Yes,High
U0738,26-35,35770,UPI,1172,8,Travel,No,Medium
U0739,36-45,28012,UPI,619,7,Travel,No,Medium
U0740,26-35,24319,UPI,780,6,Travel,Yes,High
U0741,26-35,15175,Cash,680,9,Shopping,Yes,Medium
U0742,26-35,18846,UPI,771,12,Entertainment,Yes,Low
U0743,26-35,49852,UPI,69,2,Shopping,No,Low
U0744,26-35,64314,UPI,1144,4,Shopping,Yes,High
U0745,18-25,55786,UPI,952,7,Entertainment,Yes,Low
U0746,36-45,23337,UPI,802,10,Bills,Yes,High
U0747,36-45,33857,UPI,1027,2,Travel,No,Low
U0748,36-45,27298,UPI,92,3,Shopping,No,High
U0749,18-25,19110,UPI,965,12,Entertainment,Yes,Medium
U0750,18-25,60151,Cash,696,9,Snacks,No,Low
U0751,36-45,60374,Cash,223,5,Shopping,No,Medium
U0752,36-45,36291,UPI,1170,4,Bills,No,Medium
U0753,26-35,31826,Cash,1024,1,Travel,No,High
U0754,36-45,48067,UPI,292,5,Food,No,Medium
U0755,26-35,12721,Cash,130,11,Snacks,Yes,Low
U0756,18-25,68273,UPI,330,9,Bills,Yes,Medium
U0757,26-35,58998,UPI,1077,9,Travel,No,Medium
U0758,18-25,16948,UPI,440,5,Shopping,No,Medium
U0759,18-25,64481,Cash,61,7,Snacks,Yes,Medium
U0760,26-35,67783,UPI,379,12,Bills,No,Medium
U0761,36-45,68642,Cash,320,2,Food,Yes,Low
U0762,36-45,28138,UPI,556,2,Travel,Yes,Low
U0763,18-25,29472,UPI,610,11,Food,No,Medium
U0764,26-35,16590,Cash,339,7,Travel,No,Low
U0765,18-25,21628,Cash,677,12,Food,Yes,Medium
U0766,18-25,63001,UPI,349,10,Shopping,Yes,Medium
U0767,26-35,61193,Cash,203,10,Shopping,No,Medium
U0768,36-45,35566,UPI,233,5,Food,No,High
U0769,26-35,48266,UPI,956,10,Snacks,No,Low
U0770,36-45,23545,Cash,522,5,Travel,Yes,High
U0771,36-45,19329,UPI,898,12,Food,No,High
U0772,36-45,22873,UPI,629,4,Travel,No,Low
U0773,36-45,58225,UPI,1107,5,Snacks,Yes,Low
U0774,36-45,38990,UPI,541,3,Food,Yes,Low
U0775,18-25,47268,UPI,946,9,Bills,Yes,High
U0776,36-45,47513,UPI,908,1,Entertainment,Yes,Low
U0777,26-35,24130,Cash,1184,8,Shopping,No,Medium
U0778,26-35,45723,UPI,327,9,Food,No,Medium
U0779,18-25,43192,UPI,459,3,Snacks,Yes,Medium
U0780,36-45,15007,UPI,1099,10,Bills,Yes,High
U0781,36-45,26905,Cash,863,9,Shopping,No,High
U0782,26-35,49248,Cash,203,2,Snacks,No,High
U0783,26-35,25659,UPI,454,9,Shopping,No,Medium
U0784,18-25,37476,UPI,340,3,Entertainment,No,Low
U0785,18-25,53640,UPI,230,4,Travel,Yes,Low
U0786,36-45,49004,Cash,1028,8,Food,Yes,Medium
U0787,36-45,68823,UPI,870,6,Bills,Yes,High
U0788,26-35,27449,Cash,200,5,Shopping,Yes,Low
U0789,18-25,17683,UPI,228,2,Entertainment,Yes,Low
U0790,36-45,58603,Cash,1092,8,Entertainment,No,Medium
U0791,36-45,68745,UPI,1142,10,Bills,No,Low
U0792,18-25,31976,UPI,347,5,Bills,Yes,Low
U0793,18-25,20006,UPI,133,9,Bills,No,Low
U0794,26-35,51348,UPI,865,11,Entertainment,No,Low
U0795,36-45,53106,Cash,952,2,Snacks,No,Low
U0796,26-35,37629,UPI,552,2,Snacks,Yes,High
U0797,36-45,26595,UPI,281,10,Entertainment,Yes,Medium
U0798,26-35,55087,Cash,944,10,Entertainment,Yes,Medium
U0799,26-35,49346,UPI,614,11,Bills,Yes,Medium
U0800,26-35,47544,UPI,608,8,Food,Yes,High
U0801,26-35,63745,Cash,88,9,Entertainment,No,Medium
U0802,18-25,31682,UPI,302,3,Shopping,Yes,High
U0803,26-35,21681,UPI,82,9,Food,Yes,High
U0804,26-35,50566,Cash,679,4,Shopping,Yes,Low
U0805,18-25,67823,UPI,1107,5,Snacks,No,Low
U0806,26-35,16951,Cash,210,8,Food,Yes,High
U0807,18-25,34016,UPI,958,4,Snacks,Yes,Low
U0808,26-35,38895,UPI,453,5,Entertainment,Yes,Low
U0809,26-35,31965,Cash,227,6,Bills,Yes,High
U0810,26-35,20269,UPI,615,12,Entertainment,No,Low
U0811,18-25,13470,UPI,163,12,Travel,Yes,Medium
U0812,26-35,25980,UPI,123,8,Snacks,Yes,High
U0813,18-25,66501,UPI,1043,8,Entertainment,No,Low
U0814,26-35,54532,Cash,570,9,Travel,No,High
U0815,18-25,52790,Cash,654,5,Shopping,No,Low
U0816,26-35,31165,UPI,852,10,Travel,Yes,Medium
U0817,36-45,40525,Cash,1146,5,Entertainment,No,Low
U0818,36-45,12779,Cash,494,3,Snacks,Yes,Medium
U0819,36-45,32591,UPI,887,1,Food,Yes,High
U0820,18-25,51905,UPI,56,11,Travel,Yes,High
U0821,18-25,51158,Cash,225,10,Entertainment,No,Medium
U0822,26-35,31295,UPI,603,7,Bills,Yes,Medium
U0823,36-45,26211,UPI,1071,7,Shopping,Yes,High
U0824,26-35,43239,UPI,580,7,Entertainment,Yes,Low
U0825,36-45,47522,Cash,535,1,Snacks,No,Medium
U0826,18-25,12739,Cash,1065,1,Entertainment,Yes,Medium
U0827,26-35,17508,UPI,517,5,Food,Yes,Low
U0828,18-25,14352,Cash,748,2,Travel,No,High
U0829,26-35,32274,UPI,1016,9,Entertainment,Yes,Medium
U0830,26-35,14601,UPI,200,8,Snacks,Yes,Medium
U0831,26-35,41123,UPI,487,3,Food,Yes,High
U0832,26-35,58396,UPI,533,6,Shopping,Yes,Medium
U0833,26-35,13559,Cash,779,12,Travel,No,Low
U0834,36-45,50568,UPI,339,3,Food,No,Low
U0835,18-25,13990,Cash,313,2,Food,No,Medium
U0836,26-35,45160,UPI,681,12,Snacks,Yes,Low
U0837,26-35,68899,UPI,284,1,Food,No,Low
U0838,26-35,60365,UPI,559,11,Food,Yes,High
U0839,26-35,63896,Cash,689,3,Entertainment,No,High
U0840,26-35,50783,Cash,1094,4,Shopping,No,Medium
U0841,36-45,60540,Cash,616,8,Travel,Yes,Medium
U0842,36-45,32237,Cash,420,4,Food,No,High
U0843,36-45,52471,Cash,327,8,Shopping,Yes,High
U0844,18-25,53669,UPI,309,1,Entertainment,Yes,Low
U0845,18-25,42758,UPI,288,2,Shopping,Yes,Low
U0846,26-35,35545,UPI,685,12,Food,Yes,High
U0847,36-45,54894,UPI,437,12,Bills,No,Medium
U0848,36-45,36544,UPI,516,3,Shopping,Yes,Low
U0849,36-45,58966,UPI,1172,7,Bills,No,High
U0850,26-35,45612,Cash,394,8,Snacks,No,Medium
U0851,36-45,60140,UPI,373,3,Shopping,Yes,High
U0852,18-25,19538,UPI,526,7,Travel,Yes,Low
U0853,18-25,30365,UPI,944,10,Entertainment,Yes,Medium
U0854,36-45,56852,UPI,334,2,Shopping,Yes,Medium
U0855,26-35,31052,UPI,1022,6,Bills,No,High
U0856,36-45,68278,UPI,453,2,Bills,Yes,Medium
U0857,18-25,27816,UPI,202,3,Food,No,Medium
U0858,36-45,25897,UPI,322,11,Entertainment,Yes,Medium
U0859,26-35,20934,UPI,877,1,Food,No,Low
U0860,18-25,26514,UPI,898,9,Shopping,Yes,Low
U0861,18-25,49596,UPI,171,3,Food,Yes,Low
U0862,18-25,66105,UPI,632,7,Entertainment,No,High
U0863,26-35,39963,Cash,622,8,Travel,Yes,High
U0864,26-35,65112,UPI,162,5,Shopping,Yes,Medium
U0865,36-45,46723,UPI,99,6,Entertainment,Yes,High
U0866,26-35,27526,UPI,136,5,Snacks,Yes,Medium
U0867,36-45,17949,UPI,340,3,Shopping,No,High
U0868,26-35,41267,UPI,610,6,Food,No,Medium
U0869,18-25,30502,Cash,936,7,Travel,Yes,Medium
U0870,18-25,51990,Cash,441,12,Travel,No,Low
U0871,26-35,37953,UPI,865,3,Bills,Yes,Low
U0872,18-25,39943,Cash,228,10,Entertainment,No,High
U0873,18-25,31144,UPI,932,11,Food,Yes,Low
U0874,36-45,42804,UPI,848,10,Bills,Yes,Low
U0875,36-45,17810,UPI,767,4,Snacks,Yes,High
U0876,36-45,42000,UPI,336,4,Travel,No,Low
U0877,18-25,24351,Cash,509,3,Food,No,Medium
U0878,26-35,26378,UPI,355,7,Food,No,High
U0879,18-25,15428,UPI,748,10,Travel,No,High
U0880,18-25,15946,UPI,791,1,Food,Yes,Medium
U0881,36-45,50795,Cash,610,9,Entertainment,Yes,High
U0882,36-45,52613,Cash,380,7,Snacks,No,High
U0883,36-45,55555,UPI,92,4,Entertainment,Yes,High
U0884,36-45,28378,UPI,1063,4,Shopping,Yes,Low
U0885,36-45,44848,UPI,1035,10,Shopping,No,Medium
U0886,26-35,51076,Cash,518,12,Food,No,Medium
U0887,36-45,65011,UPI,999,9,Travel,Yes,Medium
U0888,36-45,47997,UPI,184,4,Food,No,Medium
U0889,18-25,38312,UPI,1098,3,Entertainment,Yes,Low
U0890,26-35,29821,Cash,373,3,Food,No,High
U0891,36-45,35624,UPI,715,9,Food,No,High
U0892,26-35,57681,UPI,469,2,Shopping,Yes,Medium
U0893,36-45,54104,UPI,332,8,Travel,Yes,High
U0894,26-35,12070,UPI,410,7,Entertainment,Yes,Low
U0895,36-45,45394,UPI,695,7,Entertainment,Yes,Medium
U0896,26-35,23318,UPI,951,12,Food,Yes,High
U0897,18-25,13568,UPI,55,6,Shopping,No,High
U0898,18-25,28087,Cash,91,11,Shopping,No,Low
U0899,36-45,30622,UPI,393,2,Travel,Yes,Medium
U0900,26-35,43706,UPI,217,11,Shopping,Yes,Low
U0901,18-25,27185,UPI,837,2,Shopping,No,Low
U0902,18-25,43944,Cash,435,6,Travel,No,High
U0903,26-35,52505,UPI,1198,9,Food,Yes,Medium
U0904,36-45,15870,Cash,657,10,Travel,Yes,Low
U0905,18-25,40286,UPI,1125,10,Shopping,Yes,High
U0906,18-25,45278,UPI,737,4,Entertainment,No,Medium
U0907,36-45,68267,Cash,337,3,Bills,No,Low
U0908,18-25,36909,Cash,754,4,Food,No,High
U0909,18-25,18266,UPI,406,1,Snacks,No,High
U0910,26-35,48515,UPI,718,9,Bills,No,High
U0911,26-35,43163,UPI,354,11,Travel,Yes,High
U0912,26-35,12472,UPI,160,5,Bills,Yes,High
U0913,18-25,16727,UPI,1094,3,Travel,No,Low
U0914,26-35,39255,Cash,638,6,Entertainment,Yes,Low
U0915,18-25,21217,Cash,107,7,Shopping,No,Medium
U0916,26-35,42042,UPI,386,7,Travel,No,Medium
U0917,26-35,58576,UPI,1124,8,Snacks,Yes,Low
U0918,36-45,14770,Cash,718,6,Entertainment,Yes,High
U0919,18-25,65267,UPI,559,9,Travel,Yes,Low
U0920,26-35,13502,UPI,525,6,Food,No,High
U0921,36-45,52825,UPI,483,9,Shopping,No,High
U0922,36-45,31657,UPI,599,8,Food,No,High
U0923,26-35,40136,Cash,902,2,Shopping,No,Low
U0924,18-25,27646,UPI,205,10,Food,Yes,Low
U0925,36-45,50668,UPI,1046,8,Travel,Yes,Medium
U0926,36-45,54262,UPI,317,12,Entertainment,No,High
U0927,18-25,19022,Cash,868,12,Snacks,Yes,Low
U0928,26-35,15374,UPI,979,1,Bills,Yes,High
U0929,36-45,14783,UPI,199,9,Snacks,Yes,Medium
U0930,26-35,64832,UPI,1066,5,Snacks,Yes,Medium
U0931,36-45,13449,Cash,1176,9,Bills,No,High
U0932,26-35,23721,Cash,176,4,Bills,No,Medium
U0933,36-45,13177,UPI,587,12,Entertainment,Yes,High
U0934,18-25,43874,UPI,575,5,Bills,Yes,Low
U0935,36-45,42782,UPI,1042,1,Shopping,Yes,Medium
U0936,36-45,12324,UPI,157,2,Snacks,Yes,High
U0937,36-45,61044,UPI,995,11,Food,Yes,High
U0938,26-35,16087,Cash,155,12,Shopping,No,Medium
U0939,26-35,21539,Cash,371,7,Shopping,No,High
U0940,26-35,53134,UPI,419,8,Food,Yes,Medium
U0941,18-25,35157,UPI,579,12,Shopping,Yes,Medium
U0942,18-25,55413,UPI,665,8,Entertainment,Yes,Medium
U0943,18-25,43055,Cash,873,3,Entertainment,No,Medium
U0944,18-25,67242,UPI,1116,2,Bills,Yes,Medium
U0945,26-35,62478,UPI,640,8,Entertainment,Yes,High
U0946,36-45,59603,UPI,337,7,Travel,Yes,High
U0947,26-35,34208,UPI,696,9,Bills,Yes,High
U0948,26-35,60527,UPI,277,12,Entertainment,No,High
U0949,26-35,45583,UPI,181,1,Bills,No,Medium
U0950,26-35,15445,UPI,855,6,Snacks,Yes,Low
U0951,26-35,47639,UPI,827,9,Snacks,Yes,Medium
U0952,26-35,20930,UPI,1111,3,Bills,No,Low
U0953,18-25,38146,Cash,289,1,Entertainment,No,Medium
U0954,36-45,64018,UPI,1051,5,Snacks,Yes,Medium
U0955,36-45,12774,Cash,593,2,Shopping,Yes,Low
U0956,36-45,15985,Cash,441,3,Food,Yes,High
U0957,36-45,19766,UPI,502,3,Travel,Yes,High
U0958,26-35,60026,Cash,293,2,Bills,No,Medium
U0959,18-25,12157,Cash,1160,8,Snacks,No,High
U0960,18-25,56842,Cash,760,3,Food,No,Medium
U0961,18-25,47230,UPI,627,11,Entertainment,No,Medium
U0962,18-25,51933,Cash,1053,9,Snacks,No,Low
U0963,26-35,12372,UPI,1174,4,Travel,Yes,Low
U0964,36-45,62811,UPI,892,9,Entertainment,No,Low
U0965,36-45,33335,UPI,163,8,Snacks,Yes,Medium
U0966,18-25,63637,UPI,427,12,Food,No,High
U0967,18-25,43705,UPI,391,11,Entertainment,Yes,Medium
U0968,26-35,39091,UPI,345,4,Bills,Yes,High
U0969,36-45,39651,UPI,814,11,Entertainment,Yes,High
U0970,36-45,54933,UPI,362,7,Bills,No,Medium
U0971,36-45,20221,UPI,739,11,Snacks,Yes,Low
U0972,26-35,14553,UPI,924,2,Entertainment,Yes,Medium
U0973,26-35,42002,UPI,937,5,Snacks,Yes,Low
U0974,36-45,17870,Cash,758,1,Bills,Yes,Medium
U0975,36-45,24373,UPI,883,1,Food,No,High
U0976,18-25,31928,Cash,466,5,Bills,No,High
U0977,36-45,48306,UPI,705,7,Bills,No,Low
U0978,18-25,56921,Cash,1048,5,Travel,Yes,Medium
U0979,18-25,63869,UPI,1053,3,Snacks,Yes,Low
U0980,26-35,27557,UPI,644,2,Entertainment,No,High
U0981,36-45,28392,UPI,64,3,Travel,Yes,Low
U0982,26-35,33667,Cash,1161,8,Travel,No,Medium
U0983,26-35,21009,Cash,1039,1,Snacks,No,Medium
U0984,26-35,27619,UPI,572,2,Food,No,Low
U0985,18-25,13748,UPI,166,7,Bills,Yes,Low
U0986,18-25,64010,UPI,777,3,Travel,No,High
U0987,18-25,25371,Cash,1125,12,Bills,No,High
U0988,18-25,22692,UPI,521,3,Food,No,Medium
U0989,18-25,29779,UPI,133,3,Food,Yes,Medium
U0990,36-45,39527,Cash,678,9,Snacks,Yes,Low
U0991,26-35,69840,Cash,967,1,Shopping,No,Low
U0992,18-25,51021,UPI,884,10,Shopping,No,Low
U0993,18-25,58083,UPI,154,6,Travel,Yes,Medium
U0994,18-25,46872,UPI,1124,11,Bills,Yes,Medium
U0995,36-45,30667,UPI,1141,6,Bills,Yes,Medium
U0996,26-35,57831,UPI,135,8,Food,Yes,Low
U0997,36-45,35523,Cash,99,5,Travel,No,Medium
U0998,26-35,18406,UPI,1048,2,Entertainment,Yes,Medium
U0999,26-35,18462,UPI,923,5,Snacks,Yes,High
U1000,18-25,38243,UPI,512,3,Bills,Yes,High
